LoanOfficerKey,LoanNumber,BorrowerFirstName,BorrowerLastName,LoanAmount,Purpose,Originated,SubmittedToUW,Funded
ahren,test-1432,Edward,Arcuri,163584,Refinance,5/6/2015,6/1/2015,8/14/2015
ahren,test-1625,Molly,Andrews,330000,Refinance,5/8/2015,7/24/2015,8/6/2015
ahren,test-1133,Hayley,Araujo,142500,Purchase,5/26/2015,8/14/2015,8/25/2015
ahren,test-1280,Michael,Banuelas,196166,Purchase,5/26/2015,7/26/2015,8/20/2015
ahren,test-1503,Nathan,Adams,154156,Purchase,6/5/2015,6/17/2015,8/12/2015
ahren,test-1616,Shanti,Beach,164102,Purchase,6/9/2015,6/17/2015,8/6/2015
ahren,test-1043,Nathaniel,Baxter,237500,Purchase,6/10/2015,6/30/2015,8/27/2015
ahren,test-1443,Katharine,Bennett,116000,Purchase,6/11/2015,8/5/2015,8/14/2015
ahren,test-1393,Donald,Bearden,154850,Purchase,6/16/2015,7/20/2015,8/17/2015
ahren,test-1294,Jeffrey,Beam,374905,Purchase,6/22/2015,7/1/2015,8/19/2015
ahren,test-1563,Fabian,Abrica,86197,Purchase,6/23/2015,7/24/2015,8/7/2015
ahren,test-1633,David,Baker,1000000,Purchase,6/23/2015,7/6/2015,8/6/2015
ahren,test-1620,Helen,Anonson,256272,Purchase,6/25/2015,7/6/2015,8/6/2015
ahren,test-1354,Jeffrey,Austin,562000,Purchase,6/26/2015,7/28/2015,8/17/2015
ahren,test-1267,Michael,Aguinaga,406000,Refinance,6/29/2015,7/22/2015,8/20/2015
ahren,test-1551,Sandra,Alba,160000,Purchase,7/1/2015,7/15/2015,8/10/2015
ahren,test-1642,Chris,Bartholomay,172000,Refinance,7/1/2015,7/16/2015,8/5/2015
ahren,test-1485,James,Adams,98090,Purchase,7/6/2015,7/10/2015,8/12/2015
ahren,test-1332,Shawn,Abelgas,282153,Refinance,7/8/2015,8/4/2015,8/18/2015
ahren,test-1457,Dianna,Aguirre,147185,Purchase,7/9/2015,7/24/2015,8/13/2015
ahren,test-1421,Brian,Avakian,223250,Purchase,7/9/2015,8/5/2015,8/14/2015
ahren,test-1279,David,Baker,191325,Purchase,7/9/2015,7/21/2015,8/20/2015
ahren,test-1469,Peter,Berry,463500,Purchase,7/9/2015,7/28/2015,8/12/2015
ahren,test-1591,Morris,Bajgert,453197,Purchase,7/13/2015,7/16/2015,8/7/2015
ahren,test-1544,Arthur,Adrian,223250,Purchase,7/14/2015,7/17/2015,8/10/2015
ahren,test-1479,Janet,Batchelder,70875,Purchase,7/14/2015,7/22/2015,8/12/2015
ahren,test-1587,Yolanda,Benjamin,244489,Purchase,7/14/2015,7/21/2015,8/7/2015
ahren,test-1574,Jason,Adjian,312728,Purchase,7/15/2015,7/21/2015,8/7/2015
ahren,test-1604,Robert,Aguayo,150000,Refinance,7/15/2015,7/23/2015,8/7/2015
ahren,test-1386,Sahak,Avila,625500,Purchase,7/15/2015,7/20/2015,8/17/2015
ahren,test-1127,Benjamin,Abellon,225594,Refinance,7/16/2015,7/29/2015,8/25/2015
ahren,test-1177,Joshua,Arroyo,140000,Refinance,7/16/2015,8/6/2015,8/24/2015
ahren,test-1230,Lauren,Baiardi,213069,Purchase,7/17/2015,8/3/2015,8/21/2015
ahren,test-1211,Candelaria,Admirand,216015,Purchase,7/20/2015,7/23/2015,8/21/2015
ahren,test-1186,Jamie,Alexander,195296,Purchase,7/20/2015,7/27/2015,8/21/2015
ahren,test-1319,Daniel,Apiado,336295,Purchase,7/23/2015,7/30/2015,8/18/2015
ahren,test-1361,Carlos,Barr,216997,Purchase,7/23/2015,7/27/2015,8/17/2015
ahren,test-1407,Logan,Bartlett,211007,Purchase,7/23/2015,8/4/2015,8/14/2015
ahren,test-1255,Michael,Abbott,256000,Purchase,7/24/2015,7/9/2015,8/20/2015
ahren,test-1213,Kevin,Becirovic,237025,Purchase,7/27/2015,7/31/2015,8/21/2015
ahren,test-1178,Scott,Bembenek,96400,Purchase,7/27/2015,8/3/2015,8/24/2015
ahren,test-1130,Alexander,Anderson,209250,Refinance,7/28/2015,8/4/2015,8/25/2015
ahren,test-1015,Richard,Asay,107520,Purchase,7/28/2015,8/3/2015,8/28/2015
ahren,test-1156,David,Barrera,185000,Refinance,7/29/2015,8/6/2015,8/24/2015
ahren,test-1003,Armando,Becker,336000,Refinance,7/30/2015,8/3/2015,8/28/2015
ahren,test-1025,Elizabeth,Apolinar,156969,Refinance,7/31/2015,8/14/2015,8/28/2015
ahren,test-1328,Robert,Baxter,312000,Purchase,7/31/2015,8/12/2015,8/18/2015
ahren,test-1011,Brian,Alvarez,434000,Refinance,8/3/2015,8/10/2015,8/28/2015
ahren,test-1054,Walter,Barnes,395178,Refinance,8/4/2015,8/11/2015,8/27/2015
ahren,test-1045,Casey,Andino,359640,Refinance,8/7/2015,8/14/2015,8/27/2015
bon,test-1520,Leroy,Bonnifield,183000,Refinance,12/15/2014,12/24/2014,8/11/2015
bon,test-1129,Holly,Burton,147283,Purchase,3/5/2015,3/29/2015,8/25/2015
bon,test-1640,Allen,Bleisch,211105,Purchase,5/8/2015,6/9/2015,8/5/2015
bon,test-1613,Kimberly,Bilger,221415,Purchase,5/21/2015,5/29/2015,8/6/2015
bon,test-1199,Brian,Castillo,328932,Purchase,5/22/2015,6/19/2015,8/21/2015
bon,test-1645,Natividad,Brown,196377,Purchase,5/27/2015,6/1/2015,8/5/2015
bon,test-1017,Andrea,Carlson,417000,Purchase,6/2/2015,7/22/2015,8/28/2015
bon,test-1060,Shyama,Betancourt,708800,Purchase,6/11/2015,6/30/2015,8/27/2015
bon,test-1373,Peter,Bren,357500,Refinance,6/24/2015,7/17/2015,8/17/2015
bon,test-1299,Everardo,Brown,559675,Purchase,6/24/2015,7/10/2015,8/19/2015
bon,test-1223,Anthony,Boslego,417000,Refinance,6/26/2015,7/13/2015,8/21/2015
bon,test-1569,Christopher,Boland,365415,Purchase,7/1/2015,7/22/2015,8/7/2015
bon,test-1507,Jason,Casteel,122100,Refinance,7/1/2015,7/17/2015,8/11/2015
bon,test-1273,Briggs,Brockway,300000,Purchase,7/7/2015,8/6/2015,8/20/2015
bon,test-1244,Charles,Boren,275742,Purchase,7/8/2015,7/21/2015,8/20/2015
bon,test-1648,James,Boslooper,172000,Purchase,7/8/2015,7/15/2015,8/5/2015
bon,test-1566,Scott,Calienes,363920,Purchase,7/8/2015,7/21/2015,8/7/2015
bon,test-1647,Patrick,Castleberry,325800,Purchase,7/8/2015,7/13/2015,8/5/2015
bon,test-1276,Steven,Branz,224360,Purchase,7/10/2015,7/20/2015,8/20/2015
bon,test-1248,Garrett,Bringhurst,360000,Purchase,7/10/2015,7/30/2015,8/20/2015
bon,test-1412,Monica,Blake,589132,Purchase,7/13/2015,7/29/2015,8/14/2015
bon,test-1160,Joseph,Bola,395000,Refinance,7/13/2015,7/21/2015,8/24/2015
bon,test-1452,William,Brown,123443,Purchase,7/13/2015,7/31/2015,8/13/2015
bon,test-1581,Patricia,Campbell,308000,Purchase,7/13/2015,7/21/2015,8/7/2015
bon,test-1387,Matthew,Buchholz,371250,Purchase,7/14/2015,7/30/2015,8/17/2015
bon,test-1425,Emilio,Bigelow,211105,Purchase,7/15/2015,7/31/2015,8/14/2015
bon,test-1649,Gregory,Blesbois,131096,Purchase,7/15/2015,7/24/2015,8/5/2015
bon,test-1345,Brenda,Brooks,292000,Refinance,7/15/2015,7/24/2015,8/18/2015
bon,test-1080,Shauna,Cantu,97697,Purchase,7/15/2015,8/20/2015,8/26/2015
bon,test-1173,Kasun,Bocker,481124,Purchase,7/16/2015,8/4/2015,8/24/2015
bon,test-1643,Guadalupe,Bradshaw,375000,Purchase,7/16/2015,7/24/2015,8/5/2015
bon,test-1372,Russell,Brady,376220,Refinance,7/16/2015,7/31/2015,8/17/2015
bon,test-1134,Siolo,Brown,134518,Purchase,7/16/2015,7/29/2015,8/25/2015
bon,test-1441,Felimon,Cassady,173367,Purchase,7/17/2015,8/4/2015,8/14/2015
bon,test-1398,Richard,Bosshart,143300,Purchase,7/20/2015,7/23/2015,8/14/2015
bon,test-1012,Michael,Bursky,347035,Purchase,7/20/2015,8/11/2015,8/28/2015
bon,test-1245,Justin,Campisi,268938,Purchase,7/20/2015,8/10/2015,8/20/2015
bon,test-1539,Jeremy,Capito,392755,Purchase,7/20/2015,7/27/2015,8/10/2015
bon,test-1252,Natalie,Bjerga,256500,Purchase,7/21/2015,8/7/2015,8/20/2015
bon,test-1201,Armando,Brunsell,342500,Purchase,7/21/2015,7/29/2015,8/21/2015
bon,test-1192,Kenneth,Bukovatz,171830,Purchase,7/21/2015,8/11/2015,8/21/2015
bon,test-1183,James,Bowers,254353,Purchase,7/23/2015,8/5/2015,8/24/2015
bon,test-1171,David,Bugarske,128400,Refinance,7/23/2015,7/29/2015,8/24/2015
bon,test-1110,Jennifer,Bowles,226816,Purchase,7/24/2015,8/13/2015,8/26/2015
bon,test-1341,Steven,Carter,417000,Purchase,7/24/2015,7/30/2015,8/18/2015
bon,test-1220,Larry,Casey,170848,Purchase,7/24/2015,8/13/2015,8/21/2015
bon,test-1236,Jennifer,Bravo,143450,Purchase,7/27/2015,8/11/2015,8/21/2015
bon,test-1260,Bobbie,Blaha,118750,Purchase,7/29/2015,8/5/2015,8/20/2015
bon,test-1270,Jesse,Bonine,233100,Purchase,8/5/2015,8/7/2015,8/20/2015
bon,test-1008,Jason,Brown,274104,Refinance,8/12/2015,8/24/2015,8/28/2015
christoph,test-1447,Jeremy,Dailey,262500,Purchase,4/29/2015,5/28/2015,8/13/2015
christoph,test-1438,Peter,De,237000,Refinance,5/29/2015,7/9/2015,8/14/2015
christoph,test-1105,Kevin,Daniels,56949,Purchase,6/1/2015,7/21/2015,8/26/2015
christoph,test-1356,Leora,Cornejo,300000,Refinance,6/2/2015,6/8/2015,8/17/2015
christoph,test-1394,Andres,De,361681,Purchase,6/2/2015,6/18/2015,8/17/2015
christoph,test-1093,Ginger,Corkins,210000,Purchase,6/8/2015,7/17/2015,8/26/2015
christoph,test-1529,Christopher,Deal,194750,Purchase,6/11/2015,7/6/2015,8/11/2015
christoph,test-1605,Shelia,Chau,212000,Refinance,6/15/2015,7/27/2015,8/7/2015
christoph,test-1359,Robbin,Crawford,176000,Refinance,6/17/2015,7/8/2015,8/17/2015
christoph,test-1579,Pamela,Colegrove,85500,Purchase,6/24/2015,7/16/2015,8/7/2015
christoph,test-1450,Gustavo,Close,417000,Purchase,6/29/2015,7/6/2015,8/13/2015
christoph,test-1378,Oliver,Daley,430761,Refinance,6/29/2015,7/29/2015,8/17/2015
christoph,test-1585,Ethan,Church,205000,Purchase,6/30/2015,7/15/2015,8/7/2015
christoph,test-1366,Timothy,Couturier,273700,Refinance,6/30/2015,7/10/2015,8/17/2015
christoph,test-1558,Ponsiano,Deets,399249,Refinance,6/30/2015,7/8/2015,8/10/2015
christoph,test-1572,Susanna,Chambers,178000,Refinance,7/1/2015,7/17/2015,8/7/2015
christoph,test-1442,George,Day,226227,Purchase,7/2/2015,7/13/2015,8/14/2015
christoph,test-1492,David,Darin,132000,Refinance,7/3/2015,7/20/2015,8/12/2015
christoph,test-1142,Jaime,Cuaresma,69714,Purchase,7/6/2015,7/27/2015,8/25/2015
christoph,test-1258,James,Delfino,252000,Refinance,7/6/2015,7/13/2015,8/20/2015
christoph,test-1606,Therese,Dean,96715,Purchase,7/7/2015,7/20/2015,8/7/2015
christoph,test-1092,Jaspal,Catania,310083,Purchase,7/8/2015,7/9/2015,8/26/2015
christoph,test-1312,Cindy,Compton,224000,Purchase,7/8/2015,8/4/2015,8/19/2015
christoph,test-1472,Kristopher,Corley,341050,Purchase,7/8/2015,7/16/2015,8/12/2015
christoph,test-1622,Lawrence,Cordova,250000,Purchase,7/9/2015,7/15/2015,8/6/2015
christoph,test-1042,Victor,Ciardullo,460505,Purchase,7/10/2015,8/5/2015,8/27/2015
christoph,test-1289,Cecilia,Coffey,231725,Purchase,7/13/2015,8/5/2015,8/19/2015
christoph,test-1459,Jaime,Conchas,257450,Purchase,7/13/2015,7/19/2015,8/13/2015
christoph,test-1532,Jeffrey,Cross,257733,Purchase,7/13/2015,7/20/2015,8/11/2015
christoph,test-1364,Heidi,Dawson,146500,Refinance,7/14/2015,7/20/2015,8/17/2015
christoph,test-1389,William,De,184000,Refinance,7/14/2015,8/3/2015,8/17/2015
christoph,test-1184,Patrick,Chrast,170000,Purchase,7/15/2015,8/5/2015,8/21/2015
christoph,test-1385,Meghan,Clifford,163600,Purchase,7/15/2015,8/3/2015,8/17/2015
christoph,test-1629,Samuel,Colvin,288674,Purchase,7/15/2015,7/23/2015,8/6/2015
christoph,test-1138,Matthew,Dang,184000,Refinance,7/15/2015,8/7/2015,8/25/2015
christoph,test-1159,Delores,De,147000,Purchase,7/15/2015,7/31/2015,8/24/2015
christoph,test-1433,Maureen,Chapman,201400,Purchase,7/17/2015,7/31/2015,8/14/2015
christoph,test-1114,Heather,De,281600,Refinance,7/17/2015,8/10/2015,8/26/2015
christoph,test-1131,Cameron,Cota,127687,Purchase,7/20/2015,7/30/2015,8/25/2015
christoph,test-1426,Roberto,Damian,284747,Purchase,7/20/2015,7/29/2015,8/14/2015
christoph,test-1377,Logan,Coli,212000,Refinance,7/21/2015,7/30/2015,8/17/2015
christoph,test-1209,Brian,Chavez,236536,Purchase,7/24/2015,7/29/2015,8/21/2015
christoph,test-1193,Peter,Chrast,566238,Purchase,7/24/2015,7/31/2015,8/21/2015
christoph,test-1116,Sergio,Crum,195395,Purchase,7/27/2015,8/9/2015,8/26/2015
christoph,test-1135,Alexander,Chiles,484000,Refinance,7/29/2015,8/4/2015,8/25/2015
christoph,test-1219,Julie,Chow,171830,Purchase,7/29/2015,8/11/2015,8/21/2015
christoph,test-1050,Melissa,Cobbs,198550,Purchase,8/4/2015,8/18/2015,8/27/2015
christoph,test-1210,Taryn,Deacetis,140409,Purchase,8/4/2015,8/12/2015,8/21/2015
christoph,test-1046,Lawrence,Cordaro,204000,Purchase,8/6/2015,8/18/2015,8/27/2015
christoph,test-1157,Michael,Dao,163975,Purchase,8/6/2015,8/11/2015,8/24/2015
daniel,test-1460,Jesse,Elder,263000,Refinance,9/22/2014,7/13/2015,8/13/2015
daniel,test-1106,Iilsa,Diaz,169922,Purchase,2/11/2015,3/2/2015,8/26/2015
daniel,test-1083,James,Edwards,412000,Refinance,3/26/2015,4/20/2015,8/26/2015
daniel,test-1512,Evaristo,Divico,329000,Refinance,4/16/2015,4/27/2015,8/11/2015
daniel,test-1561,Melvin,Esquivel,340000,Refinance,5/11/2015,6/1/2015,8/7/2015
daniel,test-1619,Brent,English,456000,Refinance,5/15/2015,7/8/2015,8/6/2015
daniel,test-1429,Patricia,Doolin,358923,Refinance,5/21/2015,7/7/2015,8/14/2015
daniel,test-1445,Richard,Dowling,228000,Refinance,6/1/2015,6/9/2015,8/13/2015
daniel,test-1302,Timothy,Forde,668000,Refinance,6/8/2015,6/18/2015,8/19/2015
daniel,test-1560,Sarah,Firman,376500,Refinance,6/10/2015,7/13/2015,8/10/2015
daniel,test-1514,Amber,Erickson,126663,Purchase,6/13/2015,7/7/2015,8/11/2015
daniel,test-1518,Alberto,Favela,207895,Refinance,6/16/2015,6/22/2015,8/11/2015
daniel,test-1593,Crystal,Dietrich,104080,Purchase,6/19/2015,7/7/2015,8/7/2015
daniel,test-1304,Miros,Dexter,332500,Refinance,6/22/2015,7/24/2015,8/19/2015
daniel,test-1203,Michel,Elliott,220924,Purchase,6/22/2015,7/25/2015,8/21/2015
daniel,test-1476,Bryan,Dzatko,298400,Purchase,6/23/2015,6/26/2015,8/12/2015
daniel,test-1434,Alexander,Ezeamama,333485,Purchase,6/24/2015,6/30/2015,8/14/2015
daniel,test-1553,Hoang,Fairbanks,343992,Purchase,6/24/2015,7/14/2015,8/10/2015
daniel,test-1352,Bradley,Dethloff,620000,Refinance,6/26/2015,7/28/2015,8/18/2015
daniel,test-1473,David,Evangelista,407000,Refinance,6/26/2015,7/6/2015,8/12/2015
daniel,test-1357,Andrey,Elliott,178500,Purchase,6/30/2015,7/6/2015,8/17/2015
daniel,test-1147,Byron,Estupinan,180775,Purchase,6/30/2015,7/20/2015,8/25/2015
daniel,test-1519,Geoffrey,Fajardo,451668,Purchase,6/30/2015,7/7/2015,8/11/2015
daniel,test-1411,Devon,Fahrenbach,180000,Purchase,7/1/2015,7/10/2015,8/14/2015
daniel,test-1259,Stephen,Diaz,760000,Refinance,7/2/2015,7/9/2015,8/20/2015
daniel,test-1036,Mathias,Dinh,292834,Refinance,7/6/2015,7/13/2015,8/27/2015
daniel,test-1409,Andrew,Escalona,236000,Purchase,7/6/2015,7/17/2015,8/14/2015
daniel,test-1204,Aidan,Domingo,228000,Refinance,7/8/2015,8/10/2015,8/21/2015
daniel,test-1583,Marcus,Erfourth,260200,Purchase,7/8/2015,7/21/2015,8/7/2015
daniel,test-1637,Maria,Dias,233000,Purchase,7/9/2015,7/20/2015,8/6/2015
daniel,test-1540,Ruben,Duwadi,135500,Purchase,7/9/2015,7/20/2015,8/10/2015
daniel,test-1437,Catalina,Ebrahimi,85500,Purchase,7/9/2015,7/21/2015,8/14/2015
daniel,test-1113,Roberto,Fennell,325986,Purchase,7/9/2015,7/16/2015,8/26/2015
daniel,test-1624,Richard,Flores,332000,Purchase,7/12/2015,7/16/2015,8/6/2015
daniel,test-1526,Cheryl,Flores,180003,Purchase,7/13/2015,7/23/2015,8/11/2015
daniel,test-1458,James,Diaz,375000,Purchase,7/15/2015,7/30/2015,8/13/2015
daniel,test-1052,Jamillia,Dickes,117826,Purchase,7/15/2015,8/4/2015,8/27/2015
daniel,test-1316,Carole,Ely,945000,Purchase,7/15/2015,7/24/2015,8/19/2015
daniel,test-1293,Thomas,England,217978,Purchase,7/16/2015,7/30/2015,8/19/2015
daniel,test-1368,Brian,Foster,312000,Refinance,7/16/2015,7/21/2015,8/17/2015
daniel,test-1262,Kristina,Dudek,257600,Purchase,7/20/2015,7/24/2015,8/20/2015
daniel,test-1638,Patrick,Flores,303025,Purchase,7/21/2015,7/24/2015,8/5/2015
daniel,test-1414,Gregory,Dominguez,249950,Purchase,7/22/2015,7/31/2015,8/14/2015
daniel,test-1169,Diane,Dew,112000,Purchase,7/27/2015,8/6/2015,8/24/2015
daniel,test-1175,Brandon,Fanning,256000,Refinance,7/27/2015,7/31/2015,8/24/2015
daniel,test-1082,Yung,Drew,619000,Refinance,7/29/2015,8/4/2015,8/26/2015
daniel,test-1324,Christopher,Fan,244000,Purchase,7/29/2015,8/3/2015,8/18/2015
daniel,test-1225,Steven,Denny,257200,Purchase,7/30/2015,8/7/2015,8/21/2015
daniel,test-1030,Dennis,Donayre,270019,Purchase,8/3/2015,8/13/2015,8/28/2015
daniel,test-1028,Laura,Foster,205600,Purchase,8/6/2015,8/14/2015,8/28/2015
dustin,test-1120,Ashley,Garcia,685000,Refinance,5/28/2015,6/11/2015,8/25/2015
dustin,test-1521,Robert,Garbaczewski,356000,Refinance,6/2/2015,6/16/2015,8/11/2015
dustin,test-1198,Pablo,Godin,328932,Purchase,6/11/2015,6/25/2015,8/21/2015
dustin,test-1094,Mayron,Guzman,133860,Purchase,6/17/2015,7/6/2015,8/26/2015
dustin,test-1621,Varpas,Gerdesmeier,556206,Refinance,6/22/2015,7/8/2015,8/6/2015
dustin,test-1056,Mamood,Ghazarian,1280000,Refinance,6/25/2015,7/2/2015,8/27/2015
dustin,test-1096,Tashanna,Haga,104400,Purchase,6/26/2015,7/22/2015,8/26/2015
dustin,test-1323,Stephen,Godinez,199900,Purchase,6/28/2015,7/16/2015,8/18/2015
dustin,test-1224,Robin,Fuchs,232500,Refinance,6/29/2015,7/6/2015,8/21/2015
dustin,test-1397,Alexia,Grell,95000,Refinance,6/29/2015,7/22/2015,8/14/2015
dustin,test-1644,Gabriel,Gutierrez,133000,Purchase,6/29/2015,7/20/2015,8/5/2015
dustin,test-1413,Christopher,Fuly,232750,Purchase,6/30/2015,7/10/2015,8/14/2015
dustin,test-1535,Andrew,Grunstad,345000,Refinance,6/30/2015,7/20/2015,8/10/2015
dustin,test-1326,Lance,Gibbs,148800,Purchase,7/2/2015,7/30/2015,8/18/2015
dustin,test-1206,Douglass,Gregory,542737,Purchase,7/2/2015,7/10/2015,8/21/2015
dustin,test-1497,Jason,Guizar,387500,Purchase,7/2/2015,7/16/2015,8/12/2015
dustin,test-1292,Michael,Garrett,275000,Purchase,7/6/2015,7/27/2015,8/19/2015
dustin,test-1584,Robert,Grant,500535,Purchase,7/6/2015,7/23/2015,8/7/2015
dustin,test-1502,Anthony,Gladding,174284,Purchase,7/7/2015,7/29/2015,8/12/2015
dustin,test-1055,German,Gowen,263150,Purchase,7/7/2015,7/29/2015,8/27/2015
dustin,test-1588,Ronald,Grady,417000,Purchase,7/8/2015,7/28/2015,8/7/2015
dustin,test-1423,Alberto,Halldorson,366836,Purchase,7/8/2015,7/21/2015,8/14/2015
dustin,test-1464,Jesse,Garcia,231725,Purchase,7/9/2015,7/21/2015,8/13/2015
dustin,test-1467,Janet,Garcia,375000,Refinance,7/9/2015,7/20/2015,8/12/2015
dustin,test-1348,Danny,Fry,545000,Refinance,7/10/2015,7/27/2015,8/18/2015
dustin,test-1482,Peter,Garcia,141835,Refinance,7/13/2015,7/30/2015,8/12/2015
dustin,test-1481,Staci,Gikuhi,170000,Refinance,7/13/2015,7/21/2015,8/12/2015
dustin,test-1190,David,Halkett,512221,Refinance,7/14/2015,7/23/2015,8/21/2015
dustin,test-1363,Jacob,Fuller,207675,Purchase,7/15/2015,8/3/2015,8/17/2015
dustin,test-1347,Aaron,Grai,275000,Purchase,7/15/2015,8/10/2015,8/18/2015
dustin,test-1509,Patrick,Haenschen,185000,Refinance,7/15/2015,7/21/2015,8/11/2015
dustin,test-1380,James,Gonzalez,371153,Purchase,7/17/2015,7/24/2015,8/17/2015
dustin,test-1471,Dianeth,Guzman,186558,Purchase,7/17/2015,6/8/2015,8/12/2015
dustin,test-1475,Daniel,Godinez,472000,Purchase,7/20/2015,8/3/2015,8/12/2015
dustin,test-1392,Scott,Gregerson,408500,Purchase,7/20/2015,8/3/2015,8/17/2015
dustin,test-1097,Donovan,Gard,343120,Purchase,7/21/2015,8/14/2015,8/26/2015
dustin,test-1243,Tadashi,Galloway,517500,Purchase,7/23/2015,7/30/2015,8/21/2015
dustin,test-1235,Sebastian,Gorzynski,434981,Purchase,7/23/2015,8/7/2015,8/21/2015
dustin,test-1315,Kenneth,Guajardo,625500,Purchase,7/23/2015,7/29/2015,8/19/2015
dustin,test-1218,Brinton,Gusman,414000,Purchase,7/23/2015,7/30/2015,8/21/2015
dustin,test-1087,Curtis,Gonzalez,344000,Refinance,7/24/2015,8/3/2015,8/26/2015
dustin,test-1128,Marissa,Guzman,165938,Purchase,7/24/2015,8/12/2015,8/25/2015
dustin,test-1554,Derrick,Gale,169900,Purchase,7/27/2015,7/29/2015,8/10/2015
dustin,test-1069,Indira,Gibson,365282,Refinance,7/29/2015,7/31/2015,8/27/2015
dustin,test-1104,Jeffery,Goodman,348000,Purchase,7/29/2015,7/14/2015,8/26/2015
dustin,test-1088,Rowan,Graziano,368000,Refinance,7/29/2015,8/4/2015,8/26/2015
dustin,test-1103,Edison,Frances,290000,Purchase,7/30/2015,8/4/2015,8/26/2015
dustin,test-1351,Raminder,Grober,930000,Purchase,7/31/2015,8/2/2015,8/18/2015
dustin,test-1307,Travis,Gomez,361212,Purchase,8/3/2015,8/14/2015,8/19/2015
dustin,test-1072,Michael,Gizzi,132905,Purchase,8/4/2015,8/19/2015,8/27/2015
frank,test-1527,Mishael,Jensen,210240,Purchase,5/10/2015,7/7/2015,8/11/2015
frank,test-1048,Michael,Horvat,408035,Refinance,5/27/2015,6/4/2015,8/27/2015
frank,test-1349,William,Harris,152500,Purchase,6/5/2015,7/30/2015,8/18/2015
frank,test-1037,Thomas,Jimenez,346750,Purchase,6/5/2015,7/14/2015,8/27/2015
frank,test-1634,Wayne,Hurtado,166822,Purchase,6/10/2015,6/22/2015,8/6/2015
frank,test-1498,Michael,Jenkins,361000,Refinance,6/19/2015,7/8/2015,8/12/2015
frank,test-1320,Thomas,Herrera,549450,Purchase,6/24/2015,6/26/2015,8/18/2015
frank,test-1261,Sarah,Horwath,408000,Refinance,6/24/2015,7/9/2015,8/20/2015
frank,test-1010,James,Irvin,355000,Purchase,6/24/2015,7/16/2015,8/28/2015
frank,test-1576,Constance,Joco,115862,Purchase,6/25/2015,7/29/2015,8/7/2015
frank,test-1287,Heidi,Heidenreich,531643,Purchase,6/26/2015,7/15/2015,8/20/2015
frank,test-1064,Robert,Heinze,192674,Purchase,6/26/2015,7/15/2015,8/27/2015
frank,test-1610,Chandra,Hugghins,186558,Purchase,6/26/2015,7/8/2015,8/6/2015
frank,test-1264,Manuel,Izzo,334000,Refinance,7/1/2015,7/10/2015,8/20/2015
frank,test-1590,Meline,Hallman,458350,Purchase,7/6/2015,7/8/2015,8/7/2015
frank,test-1179,Denise,Howard,566500,Refinance,7/7/2015,7/17/2015,8/24/2015
frank,test-1233,Justin,Huber,357600,Purchase,7/7/2015,7/27/2015,8/21/2015
frank,test-1556,Jessica,Johnson,168000,Refinance,7/7/2015,7/22/2015,8/10/2015
frank,test-1575,Bradley,Hancock,151701,Purchase,7/8/2015,7/17/2015,8/7/2015
frank,test-1543,Maria,Hare,183612,Purchase,7/8/2015,7/23/2015,8/10/2015
frank,test-1401,Charla,Ilardo,184103,Purchase,7/8/2015,8/3/2015,8/14/2015
frank,test-1542,Michael,Johnson,625500,Refinance,7/8/2015,7/14/2015,8/10/2015
frank,test-1453,Antonio,Henderson,340000,Refinance,7/9/2015,7/17/2015,8/13/2015
frank,test-1140,Marco,Hipolito,198500,Refinance,7/9/2015,7/23/2015,8/25/2015
frank,test-1371,Joshua,Huntley,148000,Purchase,7/9/2015,7/31/2015,8/17/2015
frank,test-1570,Martin,Iverson,360195,Refinance,7/9/2015,7/24/2015,8/7/2015
frank,test-1388,Albert,Jackson,161029,Purchase,7/9/2015,7/31/2015,8/17/2015
frank,test-1337,Douglas,Hicks,200000,Refinance,7/13/2015,7/20/2015,8/18/2015
frank,test-1249,Tabatha,Jenkins,201286,Purchase,7/13/2015,8/1/2015,8/20/2015
frank,test-1463,Joshua,Hillstrand,415000,Purchase,7/14/2015,7/23/2015,8/13/2015
frank,test-1240,Justin,Johnson,226600,Purchase,7/17/2015,8/4/2015,8/21/2015
frank,test-1086,Howard,Haller,303000,Refinance,7/20/2015,8/6/2015,8/26/2015
frank,test-1384,Jerome,Hertzberg,206552,Purchase,7/20/2015,8/6/2015,8/17/2015
frank,test-1343,Ginger,Howe,219850,Refinance,7/20/2015,8/3/2015,8/18/2015
frank,test-1403,Hector,Huemann,117000,Refinance,7/20/2015,7/29/2015,8/14/2015
frank,test-1308,Michael,Hernandez,340000,Refinance,7/21/2015,7/29/2015,8/19/2015
frank,test-1100,Julia,Hodson,164957,Purchase,7/21/2015,7/31/2015,8/26/2015
frank,test-1313,Chris,Holly,338696,Purchase,7/21/2015,8/4/2015,8/19/2015
frank,test-1124,Rebecca,Hurley,158405,Refinance,7/22/2015,8/12/2015,8/25/2015
frank,test-1250,Christopher,Jackson,385500,Refinance,7/22/2015,7/28/2015,8/20/2015
frank,test-1108,Sergio,Hill,419210,Purchase,7/23/2015,7/29/2015,8/26/2015
frank,test-1026,Charles,Johnson,385000,Purchase,7/23/2015,7/30/2015,8/28/2015
frank,test-1238,Justina,Hatch,562250,Purchase,7/24/2015,7/31/2015,8/21/2015
frank,test-1062,Jasmine,Hartt,136000,Purchase,7/27/2015,8/11/2015,8/27/2015
frank,test-1139,Lawrence,Holbrook,182700,Purchase,7/27/2015,8/12/2015,8/25/2015
frank,test-1091,Scott,Jersey,354350,Purchase,8/2/2015,8/18/2015,8/26/2015
frank,test-1039,Serena,Hunter,191468,Purchase,8/4/2015,8/21/2015,8/27/2015
frank,test-1057,Shannon,Hunter,547000,Purchase,8/5/2015,8/14/2015,8/27/2015
frank,test-1023,Nelson,Jeffris,108007,Purchase,8/5/2015,8/11/2015,8/28/2015
frank,test-1002,Christopher,Jeffers,480000,Refinance,8/11/2015,8/18/2015,8/28/2015
fred,test-1456,James,Julian,392000,Refinance,4/1/2015,4/20/2015,8/13/2015
fred,test-1500,David,Johnston,227000,Refinance,4/15/2015,6/3/2015,8/12/2015
fred,test-1586,Chirag,Killian,240000,Purchase,5/19/2015,7/28/2015,8/7/2015
fred,test-1076,Angel,Kreller,226500,Refinance,5/26/2015,7/20/2015,8/26/2015
fred,test-1101,Vielka,Lanese,82163,Refinance,5/27/2015,6/12/2015,8/26/2015
fred,test-1440,Derek,Lakha,275000,Purchase,5/28/2015,6/5/2015,8/14/2015
fred,test-1196,David,Jones,565000,Refinance,6/8/2015,6/12/2015,8/21/2015
fred,test-1555,Joseph,Kwan,520000,Refinance,6/16/2015,6/26/2015,8/10/2015
fred,test-1154,Angel,Konkle,407500,Purchase,6/20/2015,7/10/2015,8/24/2015
fred,test-1390,Harley,Lee,348058,Purchase,6/23/2015,7/7/2015,8/17/2015
fred,test-1285,Angel,Kozel,144000,Purchase,6/24/2015,7/8/2015,8/20/2015
fred,test-1612,Michelle,Khatri,137438,Purchase,6/26/2015,7/21/2015,8/6/2015
fred,test-1483,Daniel,Litberg,304385,Purchase,6/29/2015,7/22/2015,8/12/2015
fred,test-1646,George,Koleckar,535000,Refinance,6/30/2015,7/14/2015,8/5/2015
fred,test-1340,Dennis,Keovoravong,194297,Refinance,7/1/2015,8/6/2015,8/18/2015
fred,test-1541,Matthew,Lindsey,378000,Purchase,7/1/2015,7/16/2015,8/10/2015
fred,test-1623,Sarah,Koivisto,328932,Purchase,7/2/2015,7/10/2015,8/6/2015
fred,test-1350,Magdalena,Lee,274550,Purchase,7/2/2015,7/27/2015,8/18/2015
fred,test-1641,Sonia,Jones,338318,Purchase,7/7/2015,7/9/2015,8/5/2015
fred,test-1499,Jonathan,Kulkarni,666500,Refinance,7/7/2015,7/24/2015,8/12/2015
fred,test-1439,Daniel,Lee,284747,Purchase,7/7/2015,7/24/2015,8/14/2015
fred,test-1615,Michael,Katzer,423193,Purchase,7/8/2015,7/22/2015,8/6/2015
fred,test-1019,Casey,Kitamura,181649,Purchase,7/8/2015,7/21/2015,8/28/2015
fred,test-1573,Leesa,Lee,128250,Purchase,7/8/2015,7/20/2015,8/7/2015
fred,test-1365,Matthew,Larkin,223000,Purchase,7/9/2015,7/30/2015,8/17/2015
fred,test-1494,James,Leung,154156,Purchase,7/9/2015,7/17/2015,8/12/2015
fred,test-1405,Jonathan,Lee,185250,Purchase,7/13/2015,7/23/2015,8/14/2015
fred,test-1152,Willie,Kapoor,329500,Refinance,7/14/2015,7/24/2015,8/25/2015
fred,test-1111,Wells,Kyle,496000,Refinance,7/14/2015,7/31/2015,8/26/2015
fred,test-1214,Daniel,Lam,313600,Purchase,7/14/2015,8/6/2015,8/21/2015
fred,test-1263,Esther,Kiger,241300,Purchase,7/15/2015,7/28/2015,8/20/2015
fred,test-1265,Gabriela,Lessner,164835,Purchase,7/16/2015,8/3/2015,8/20/2015
fred,test-1277,Nikko,Liboon,165000,Purchase,7/16/2015,8/10/2015,8/20/2015
fred,test-1462,David,Lockman,250400,Purchase,7/16/2015,7/30/2015,8/13/2015
fred,test-1375,Robert,Jones,226773,Purchase,7/17/2015,7/28/2015,8/17/2015
fred,test-1523,William,Latifi,240000,Refinance,7/17/2015,7/30/2015,8/11/2015
fred,test-1253,Justin,Kling,319113,Purchase,7/20/2015,7/24/2015,8/20/2015
fred,test-1416,David,Larson,265010,Purchase,7/20/2015,8/3/2015,8/14/2015
fred,test-1408,Hyrum,Levi,157102,Purchase,7/20/2015,8/3/2015,8/14/2015
fred,test-1298,Lauren,Kay,175000,Purchase,7/21/2015,7/27/2015,8/19/2015
fred,test-1330,Richard,Larsen,134400,Purchase,7/22/2015,8/2/2015,8/18/2015
fred,test-1205,Corey,Jones,220924,Purchase,7/23/2015,8/6/2015,8/21/2015
fred,test-1487,Abraham,Kendrick,277000,Refinance,7/23/2015,7/27/2015,8/12/2015
fred,test-1115,Ingrid,Kiel,159000,Refinance,7/23/2015,8/6/2015,8/26/2015
fred,test-1419,Michael,Lara,183121,Purchase,7/23/2015,7/29/2015,8/14/2015
fred,test-1163,Sandra,Latour,94500,Refinance,7/24/2015,8/11/2015,8/24/2015
fred,test-1068,Jason,King,254300,Refinance,7/28/2015,8/4/2015,8/27/2015
fred,test-1187,Karen,Larsen,139410,Purchase,7/28/2015,8/11/2015,8/21/2015
fred,test-1284,Jennifer,Klidzejs,218500,Purchase,7/29/2015,8/7/2015,8/20/2015
fred,test-1014,Lindsay,Lehmkuhl,215004,Purchase,8/6/2015,8/18/2015,8/28/2015
jeff,test-1562,Jessie,Malkowski,70695,Purchase,6/11/2015,7/29/2015,8/7/2015
jeff,test-1506,Jordan,Maloney,381200,Refinance,6/12/2015,7/15/2015,8/11/2015
jeff,test-1474,Michelle,Lowe,278208,Purchase,6/15/2015,6/23/2015,8/12/2015
jeff,test-1071,Joseph,Mezhibovskiy,79200,Purchase,6/16/2015,6/25/2015,8/27/2015
jeff,test-1112,Jason,Miller,368000,Refinance,6/18/2015,8/7/2015,8/26/2015
jeff,test-1355,Michael,Mendoza,212000,Refinance,6/19/2015,7/1/2015,8/17/2015
jeff,test-1241,Luther,Lozowski,730000,Refinance,6/22/2015,7/22/2015,8/21/2015
jeff,test-1597,Jessica,Massey,163400,Purchase,6/24/2015,7/26/2015,8/7/2015
jeff,test-1331,George,Lorenz,339500,Purchase,6/25/2015,7/6/2015,8/18/2015
jeff,test-1516,Susan,Martinez,395500,Purchase,6/26/2015,7/2/2015,8/11/2015
jeff,test-1635,Arvella,Matkin,293584,Purchase,6/29/2015,7/12/2015,8/6/2015
jeff,test-1557,David,Mann,273823,Purchase,7/1/2015,7/16/2015,8/10/2015
jeff,test-1399,Sehat,Mathison,360750,Purchase,7/6/2015,7/22/2015,8/14/2015
jeff,test-1594,Angelo,Mcardle,460000,Purchase,7/6/2015,7/15/2015,8/7/2015
jeff,test-1427,Sehat,Mcgowan,360750,Purchase,7/6/2015,7/22/2015,8/14/2015
jeff,test-1305,James,Mcinnis,280810,Purchase,7/6/2015,7/17/2015,8/19/2015
jeff,test-1550,Aaron,Mckay,241300,Purchase,7/8/2015,7/23/2015,8/10/2015
jeff,test-1617,Veronica,Mabe,98188,Purchase,7/9/2015,7/22/2015,8/6/2015
jeff,test-1430,Nicky,Martin,124699,Purchase,7/9/2015,7/24/2015,8/14/2015
jeff,test-1486,Monica,Melling,200305,Purchase,7/9/2015,7/15/2015,8/12/2015
jeff,test-1216,Laura,Lopez,216000,Purchase,7/10/2015,7/20/2015,8/21/2015
jeff,test-1027,Thomas,Meraz,206686,Purchase,7/12/2015,7/22/2015,8/28/2015
jeff,test-1404,Robert,Martinez,169375,Purchase,7/14/2015,8/3/2015,8/14/2015
jeff,test-1600,Jonathon,Mason,220029,Purchase,7/14/2015,7/21/2015,8/7/2015
jeff,test-1446,Pedro,Mcclellan,335805,Purchase,7/14/2015,8/4/2015,8/13/2015
jeff,test-1202,Natalie,Longjohn,158083,Purchase,7/15/2015,7/24/2015,8/21/2015
jeff,test-1119,Justin,Lopez,253085,Purchase,7/15/2015,7/23/2015,8/25/2015
jeff,test-1451,Michael,Lowery,625500,Purchase,7/15/2015,7/17/2015,8/13/2015
jeff,test-1444,Olton,Matheou,110000,Purchase,7/15/2015,7/25/2015,8/14/2015
jeff,test-1428,James,Mcbeain,539940,Purchase,7/15/2015,7/17/2015,8/14/2015
jeff,test-1085,Richard,Mauler,343000,Refinance,7/17/2015,8/5/2015,8/26/2015
jeff,test-1123,Steven,Lorentzen,300000,Purchase,7/20/2015,8/10/2015,8/25/2015
jeff,test-1448,Jason,Mappin,269910,Purchase,7/20/2015,7/29/2015,8/13/2015
jeff,test-1266,Joseph,Lopez,762000,Purchase,7/21/2015,7/28/2015,8/20/2015
jeff,test-1117,Santa,Medeiros,185000,Purchase,7/21/2015,7/28/2015,8/26/2015
jeff,test-1084,Thomas,Mccarthy,118750,Purchase,7/22/2015,8/11/2015,8/26/2015
jeff,test-1000,Jason,Miller,331200,Refinance,7/22/2015,8/14/2015,8/28/2015
jeff,test-1107,Roberto,Mahdi,157712,Refinance,7/23/2015,8/10/2015,8/26/2015
jeff,test-1180,Jermaine,Lushine,185940,Purchase,7/24/2015,8/7/2015,8/24/2015
jeff,test-1149,Danilo,Lu,299475,Purchase,7/27/2015,8/6/2015,8/25/2015
jeff,test-1278,Nicholas,Martinez,169000,Purchase,7/27/2015,7/31/2015,8/20/2015
jeff,test-1041,Omhashim,Medrano,94500,Purchase,7/28/2015,8/14/2015,8/27/2015
jeff,test-1031,Chris,May,155138,Purchase,7/29/2015,8/10/2015,8/28/2015
jeff,test-1150,Kayleigh,Mccain,211105,Purchase,7/30/2015,8/11/2015,8/25/2015
jeff,test-1221,Donald,Mccreary,152093,Purchase,7/30/2015,8/11/2015,8/21/2015
jeff,test-1151,Cherie,Meza,128135,Purchase,7/30/2015,8/7/2015,8/25/2015
jeff,test-1020,Clark,Massoni,306000,Purchase,8/2/2015,8/13/2015,8/28/2015
jeff,test-1049,David,Mccammack,197880,Purchase,8/3/2015,8/7/2015,8/27/2015
jeff,test-1058,William,Madsen,196886,Purchase,8/10/2015,8/17/2015,8/27/2015
jeff,test-1032,Elizabeth,Martinez,294500,Purchase,8/13/2015,8/19/2015,8/27/2015
jeremy,test-1291,Cindy,Mundt,268515,Refinance,4/15/2015,4/23/2015,8/19/2015
jeremy,test-1484,Kurt,Palecki,160000,Refinance,5/4/2015,6/12/2015,8/12/2015
jeremy,test-1478,William,Ortiz,292531,Purchase,5/6/2015,6/8/2015,8/12/2015
jeremy,test-1034,Julio,Paul,363000,Refinance,5/27/2015,6/3/2015,8/27/2015
jeremy,test-1268,Rafael,Murray,343660,Purchase,6/8/2015,6/24/2015,8/20/2015
jeremy,test-1511,Michael,O'brien,171830,Purchase,6/8/2015,7/1/2015,8/11/2015
jeremy,test-1282,James,Newton,265306,Purchase,6/16/2015,6/23/2015,8/20/2015
jeremy,test-1627,Mahdi,Noble,424944,Purchase,6/18/2015,7/1/2015,8/6/2015
jeremy,test-1239,Jaimie,Parsons,137464,Purchase,6/19/2015,7/9/2015,8/21/2015
jeremy,test-1227,Rodolfo,Muller,295850,Purchase,6/29/2015,7/14/2015,8/21/2015
jeremy,test-1168,Fidel,Montana,161600,Refinance,7/1/2015,8/6/2015,8/24/2015
jeremy,test-1334,Julie,Mossengren,160000,Purchase,7/1/2015,7/13/2015,8/18/2015
jeremy,test-1370,Donald,Pastore,222176,Purchase,7/1/2015,7/27/2015,8/17/2015
jeremy,test-1626,Timothy,Muir,89000,Purchase,7/2/2015,7/20/2015,8/6/2015
jeremy,test-1489,Charles,Mitchell,310410,Purchase,7/6/2015,7/27/2015,8/12/2015
jeremy,test-1272,Debra,Palmer,135500,Purchase,7/6/2015,7/21/2015,8/20/2015
jeremy,test-1311,Michael,Paul,118513,Purchase,7/6/2015,7/20/2015,8/19/2015
jeremy,test-1568,Levent,Million,1500000,Purchase,7/7/2015,8/7/2015,8/7/2015
jeremy,test-1317,Christopher,Moss,263025,Purchase,7/7/2015,7/30/2015,8/19/2015
jeremy,test-1410,Stephen,Nava,285000,Refinance,7/9/2015,7/20/2015,8/14/2015
jeremy,test-1536,Jennifer,Olivas,304385,Purchase,7/9/2015,7/14/2015,8/10/2015
jeremy,test-1089,Blanca,Montelongo,125450,Purchase,7/10/2015,7/24/2015,8/26/2015
jeremy,test-1501,Milvia,Navarro,275742,Purchase,7/10/2015,7/31/2015,8/12/2015
jeremy,test-1170,Carlos,Nicolosi,343660,Purchase,7/11/2015,7/21/2015,8/24/2015
jeremy,test-1318,Robert,Muhlbach,213462,Purchase,7/13/2015,8/5/2015,8/18/2015
jeremy,test-1466,Victoria,Miller,118370,Purchase,7/14/2015,8/3/2015,8/12/2015
jeremy,test-1400,Tristen,Molina,182041,Purchase,7/14/2015,7/21/2015,8/14/2015
jeremy,test-1531,Samantha,Moyer,359200,Purchase,7/14/2015,7/16/2015,8/11/2015
jeremy,test-1063,Michael,Parker,338365,Refinance,7/14/2015,8/11/2015,8/27/2015
jeremy,test-1021,Matthew,Nordling,189795,Purchase,7/15/2015,8/3/2015,8/28/2015
jeremy,test-1095,Fahim,Parsons,135755,Purchase,7/15/2015,8/12/2015,8/26/2015
jeremy,test-1109,Aaron,Paterson,200000,Refinance,7/16/2015,8/7/2015,8/26/2015
jeremy,test-1582,Felicia,Oropeza,164957,Purchase,7/17/2015,7/22/2015,8/7/2015
jeremy,test-1275,Pamela,Nosbisch,268000,Purchase,7/20/2015,7/28/2015,8/20/2015
jeremy,test-1376,Peter,Patel,215478,Refinance,7/20/2015,7/24/2015,8/17/2015
jeremy,test-1379,Marpadga,Minks,337468,Refinance,7/21/2015,7/28/2015,8/17/2015
jeremy,test-1073,Natalie,Patel,324022,Purchase,7/21/2015,8/7/2015,8/27/2015
jeremy,test-1040,Amber,Moore,122735,Purchase,7/22/2015,7/27/2015,8/27/2015
jeremy,test-1191,Lauren,Olivera,230375,Purchase,7/22/2015,8/10/2015,8/21/2015
jeremy,test-1415,Stephen,Pallikarakis,209043,Purchase,7/22/2015,7/29/2015,8/14/2015
jeremy,test-1420,Bradley,Nesting,212430,Purchase,7/23/2015,7/31/2015,8/14/2015
jeremy,test-1281,Diane,Ousip,172900,Purchase,7/23/2015,8/8/2015,8/20/2015
jeremy,test-1162,Patricia,Nguyen,106400,Purchase,7/28/2015,8/3/2015,8/24/2015
jeremy,test-1495,Laura,Munive,188491,Purchase,7/29/2015,8/3/2015,8/12/2015
jeremy,test-1146,Matthew,Nguyen,310500,Purchase,7/30/2015,8/4/2015,8/25/2015
jeremy,test-1297,David,Pena,215920,Purchase,7/30/2015,8/5/2015,8/19/2015
jeremy,test-1290,Joseph,Nelson,290000,Purchase,8/4/2015,8/10/2015,8/19/2015
jeremy,test-1185,Jacob,O'connell,255000,Purchase,8/4/2015,8/12/2015,8/21/2015
jeremy,test-1066,Timothy,Peach,250000,Refinance,8/5/2015,8/13/2015,8/27/2015
jeremy,test-1098,Robert,Otero,147000,Purchase,8/10/2015,8/14/2015,8/26/2015
mick,test-1522,Cesar,Robleto,417000,Refinance,3/13/2015,4/10/2015,8/11/2015
mick,test-1329,Surjit,Pintos,350000,Refinance,4/17/2015,5/8/2015,8/18/2015
mick,test-1369,Misty,Ridley,115000,Refinance,5/5/2015,5/26/2015,8/17/2015
mick,test-1207,Jennifer,Robles,169845,Refinance,5/11/2015,6/4/2015,8/21/2015
mick,test-1346,Philip,Port,932000,Refinance,5/14/2015,7/20/2015,8/18/2015
mick,test-1533,Daniel,Post,405000,Refinance,6/8/2015,6/19/2015,8/11/2015
mick,test-1548,Jerry,Potter,374000,Refinance,6/8/2015,6/12/2015,8/10/2015
mick,test-1496,David,Perez,361250,Purchase,6/10/2015,7/29/2015,8/12/2015
mick,test-1639,Derrick,Rockwell,412000,Purchase,6/11/2015,6/17/2015,8/5/2015
mick,test-1488,Peter,Pfeifer,417000,Purchase,6/18/2015,6/23/2015,8/12/2015
mick,test-1618,Rosalie,Regan,84550,Purchase,6/23/2015,7/13/2015,8/6/2015
mick,test-1504,Tiffany,Renderos,217440,Purchase,6/24/2015,7/6/2015,8/12/2015
mick,test-1559,Michael,Pruitt,246235,Refinance,6/25/2015,7/15/2015,8/10/2015
mick,test-1545,Takeo,Purdie,716000,Purchase,6/26/2015,7/7/2015,8/10/2015
mick,test-1524,Gabriel,Phantharath,195918,Purchase,6/30/2015,7/15/2015,8/11/2015
mick,test-1508,Robert,Robles,560000,Purchase,6/30/2015,7/13/2015,8/11/2015
mick,test-1344,Robert,Rau,352000,Purchase,7/1/2015,7/9/2015,8/18/2015
mick,test-1200,Mario,Rigwood,337624,Purchase,7/1/2015,8/3/2015,8/21/2015
mick,test-1455,Sergio,Rodriguez,261192,Refinance,7/1/2015,7/13/2015,8/13/2015
mick,test-1360,Heidi,Robinson,75000,Purchase,7/6/2015,7/22/2015,8/17/2015
mick,test-1033,Dillon,Pineda,149737,Purchase,7/7/2015,8/11/2015,8/27/2015
mick,test-1004,Barry,Quilter,408000,Purchase,7/7/2015,7/22/2015,8/28/2015
mick,test-1592,Michael,Recinos,299570,Refinance,7/7/2015,7/13/2015,8/7/2015
mick,test-1418,Heidi,Riley,328000,Purchase,7/7/2015,7/23/2015,8/14/2015
mick,test-1383,Ephraim,Rogers,407700,Purchase,7/7/2015,7/17/2015,8/17/2015
mick,test-1564,Stephanie,Rizo,120000,Purchase,7/8/2015,7/20/2015,8/7/2015
mick,test-1288,Frank,Pennekamp,121754,Purchase,7/9/2015,7/24/2015,8/19/2015
mick,test-1035,Michael,Peruzzi,171830,Purchase,7/9/2015,7/23/2015,8/27/2015
mick,test-1630,Jeremy,Ramirez,299013,Purchase,7/9/2015,7/15/2015,8/6/2015
mick,test-1513,Scott,Pope,332464,Purchase,7/10/2015,7/29/2015,8/11/2015
mick,test-1449,Sarah,Rolfe,304950,Purchase,7/10/2015,8/3/2015,8/13/2015
mick,test-1301,Henrry,Richards,175757,Purchase,7/12/2015,8/5/2015,8/19/2015
mick,test-1121,Francisco,Perez,223850,Refinance,7/13/2015,7/17/2015,8/25/2015
mick,test-1165,Melissa,Prewett,151111,Purchase,7/13/2015,8/11/2015,8/24/2015
mick,test-1322,Deborah,Perez,400610,Purchase,7/14/2015,7/20/2015,8/18/2015
mick,test-1480,Timothy,Roberts,191468,Purchase,7/14/2015,7/17/2015,8/12/2015
mick,test-1132,James,Ramirez,295125,Purchase,7/15/2015,7/23/2015,8/25/2015
mick,test-1362,Richard,Roberson,340890,Purchase,7/16/2015,7/24/2015,8/17/2015
mick,test-1611,Santos,Perez,446758,Purchase,7/17/2015,7/22/2015,8/6/2015
mick,test-1246,Mykel,Power,214541,Purchase,7/19/2015,8/3/2015,8/20/2015
mick,test-1417,Melissa,Pudzis,214700,Purchase,7/20/2015,7/25/2015,8/14/2015
mick,test-1247,Katrina,Rigdon,299998,Purchase,7/21/2015,7/24/2015,8/20/2015
mick,test-1059,Adrianne,Perez,273000,Refinance,7/23/2015,8/4/2015,8/27/2015
mick,test-1044,Kevin,Perez,211170,Purchase,7/24/2015,7/31/2015,8/27/2015
mick,test-1164,Carrie,Pineda,467032,Purchase,7/24/2015,8/5/2015,8/24/2015
mick,test-1077,Stephen,Powers,215033,Purchase,7/28/2015,8/3/2015,8/26/2015
mick,test-1232,William,Perez,248417,Purchase,7/29/2015,8/11/2015,8/21/2015
mick,test-1174,Jerry,Pennington,84800,Purchase,7/30/2015,8/5/2015,8/24/2015
mick,test-1122,Jeffrey,Puente,166000,Purchase,8/7/2015,8/12/2015,8/25/2015
mick,test-1125,Delia,Ramirez,87920,Purchase,8/7/2015,8/15/2015,8/25/2015
patty,test-1515,Robert,Sanchez,211007,Purchase,3/30/2015,7/20/2015,8/11/2015
patty,test-1534,Linda,Salazar,279920,Purchase,4/8/2015,7/7/2015,8/10/2015
patty,test-1251,Reinaldo,Schneider,205000,Refinance,4/13/2015,6/18/2015,8/20/2015
patty,test-1528,Kenneth,Roust,135900,Refinance,4/16/2015,6/5/2015,8/11/2015
patty,test-1477,Elaine,Sawyer,278000,Refinance,4/16/2015,6/3/2015,8/12/2015
patty,test-1234,Lawrence,Shalit,398385,Refinance,5/20/2015,7/8/2015,8/21/2015
patty,test-1222,Timothy,Salinas,147857,Purchase,6/4/2015,6/24/2015,8/21/2015
patty,test-1602,Norlin,Ruiz,417000,Refinance,6/11/2015,6/26/2015,8/7/2015
patty,test-1257,Rafael,Santiago,250250,Purchase,6/16/2015,6/26/2015,8/20/2015
patty,test-1538,Karina,Sigmon,131000,Refinance,6/18/2015,7/14/2015,8/10/2015
patty,test-1530,Frank,Scott,316000,Refinance,6/26/2015,7/7/2015,8/11/2015
patty,test-1102,Abraham,Seefried,165750,Purchase,7/1/2015,7/16/2015,8/26/2015
patty,test-1422,Tyler,Rouss,195300,Purchase,7/2/2015,7/21/2015,8/14/2015
patty,test-1598,Brian,Sanchis,407483,Purchase,7/2/2015,7/10/2015,8/7/2015
patty,test-1215,Myroslav,Ronde,189000,Purchase,7/6/2015,7/22/2015,8/21/2015
patty,test-1391,Clayton,Shor,290816,Purchase,7/7/2015,7/27/2015,8/17/2015
patty,test-1465,Joseph,Schmidt,213750,Purchase,7/8/2015,7/16/2015,8/13/2015
patty,test-1608,Diane,Sellards,124387,Purchase,7/8/2015,7/20/2015,8/7/2015
patty,test-1577,Richard,Shepler,220408,Purchase,7/8/2015,7/20/2015,8/7/2015
patty,test-1256,James,Sherohman,540000,Purchase,7/9/2015,7/17/2015,8/20/2015
patty,test-1143,Elizabeth,Silva,679600,Purchase,7/9/2015,7/20/2015,8/25/2015
patty,test-1333,Henry,Siever,224730,Purchase,7/10/2015,7/15/2015,8/18/2015
patty,test-1274,James,Rowe,288000,Refinance,7/13/2015,7/23/2015,8/20/2015
patty,test-1578,Boris,Sato,202730,Purchase,7/13/2015,7/15/2015,8/7/2015
patty,test-1271,Sergio,Sheldon,222888,Purchase,7/13/2015,7/20/2015,8/20/2015
patty,test-1090,Daniel,Root,372396,Refinance,7/14/2015,8/3/2015,8/26/2015
patty,test-1226,Misty,Ross,140409,Purchase,7/14/2015,6/4/2015,8/21/2015
patty,test-1402,Natasha,Scacco,212087,Purchase,7/14/2015,8/2/2015,8/14/2015
patty,test-1126,Rodolfo,Scogin,270000,Purchase,7/14/2015,8/5/2015,8/25/2015
patty,test-1547,Robert,Scott,118000,Purchase,7/14/2015,7/30/2015,8/10/2015
patty,test-1424,Frank,Simmons,130591,Purchase,7/15/2015,7/28/2015,8/14/2015
patty,test-1197,Michael,Romero,80384,Purchase,7/16/2015,7/24/2015,8/21/2015
patty,test-1194,Kathryn,Schuetz,117826,Purchase,7/17/2015,7/27/2015,8/21/2015
patty,test-1176,Laura,Shafer,625000,Purchase,7/19/2015,8/4/2015,8/24/2015
patty,test-1075,Agustin,Rosa,219942,Purchase,7/20/2015,7/24/2015,8/27/2015
patty,test-1336,Blanca,Romo,171830,Purchase,7/21/2015,8/3/2015,8/18/2015
patty,test-1144,Richard,Ryan,182000,Refinance,7/21/2015,8/3/2015,8/25/2015
patty,test-1013,Jonathan,Simonich,196377,Purchase,7/21/2015,8/6/2015,8/28/2015
patty,test-1254,Jessen,Rosales,451668,Purchase,7/22/2015,8/4/2015,8/20/2015
patty,test-1189,Joseph,Rosenthal,119298,Purchase,7/22/2015,8/5/2015,8/21/2015
patty,test-1303,Jonathan,Saline,128000,Purchase,7/22/2015,8/7/2015,8/19/2015
patty,test-1024,Robert,Shafer,243877,Purchase,7/22/2015,8/10/2015,8/28/2015
patty,test-1296,Channing,Sanchez,351037,Purchase,7/24/2015,8/6/2015,8/19/2015
patty,test-1006,James,Selvey,191468,Purchase,7/27/2015,8/17/2015,8/28/2015
patty,test-1005,Janet,Sheppard,146301,Purchase,7/29/2015,8/12/2015,8/28/2015
patty,test-1166,Harry,Sanchez,110000,Purchase,7/31/2015,8/11/2015,8/24/2015
patty,test-1137,Michael,Sano,115500,Refinance,7/31/2015,8/13/2015,8/25/2015
patty,test-1118,Tamer,Seymour,328652,Purchase,7/31/2015,8/5/2015,8/26/2015
patty,test-1237,Leroy,Scheefer,220924,Purchase,8/3/2015,8/11/2015,8/21/2015
patty,test-1145,Thomas,Simpkins,417000,Purchase,8/7/2015,8/15/2015,8/25/2015
philip,test-1546,Marlon,Sunar,280830,Purchase,5/22/2015,5/27/2015,8/10/2015
philip,test-1047,Michael,Springer,286020,Purchase,6/2/2015,6/11/2015,8/27/2015
philip,test-1231,Shawn,Thornton,625500,Refinance,6/2/2015,7/7/2015,8/21/2015
philip,test-1595,Andrea,Tock,414000,Refinance,6/3/2015,6/9/2015,8/7/2015
philip,test-1339,Magdaleno,Szybowicz,85050,Purchase,6/8/2015,7/6/2015,8/18/2015
philip,test-1358,Misael,Stickerod,160256,Purchase,6/10/2015,6/24/2015,8/17/2015
philip,test-1353,Robert,Trujillo,330000,Refinance,6/11/2015,7/7/2015,8/17/2015
philip,test-1631,Andrea,Sliva,241780,Purchase,6/15/2015,6/22/2015,8/6/2015
philip,test-1565,Michelle,Sullivan,511200,Purchase,6/17/2015,7/3/2015,8/7/2015
philip,test-1342,Joyce,Stone,174000,Refinance,6/22/2015,7/8/2015,8/18/2015
philip,test-1321,Mario,Tebockhorst,189000,Purchase,6/25/2015,7/19/2015,8/18/2015
philip,test-1609,Christopher,Snyder,192000,Refinance,6/29/2015,7/15/2015,8/7/2015
philip,test-1549,James,Topping,362400,Purchase,6/29/2015,7/17/2015,8/10/2015
philip,test-1153,Robert,Stout,167346,Purchase,6/30/2015,7/13/2015,8/24/2015
philip,test-1607,James,Sloan,207178,Purchase,7/6/2015,7/14/2015,8/7/2015
philip,test-1468,Gilbert,Tock,267000,Refinance,7/6/2015,7/20/2015,8/12/2015
philip,test-1454,Victoria,Torres,196000,Purchase,7/8/2015,7/21/2015,8/13/2015
philip,test-1300,Riley,Trezvant,348750,Refinance,7/8/2015,7/31/2015,8/19/2015
philip,test-1603,Silvan,Skierka,293584,Purchase,7/9/2015,7/21/2015,8/7/2015
philip,test-1632,Tracy,Thornton,191958,Purchase,7/9/2015,7/20/2015,8/6/2015
philip,test-1525,Ricky,Tlamka,197500,Purchase,7/9/2015,7/15/2015,8/11/2015
philip,test-1314,Michelle,Sinopoli,219387,Purchase,7/10/2015,7/24/2015,8/19/2015
philip,test-1182,Daniel,Spencer,495900,Refinance,7/10/2015,8/3/2015,8/24/2015
philip,test-1217,Timothy,Spies,271700,Purchase,7/10/2015,7/22/2015,8/21/2015
philip,test-1435,Risha,Solis,510581,Purchase,7/13/2015,7/16/2015,8/14/2015
philip,test-1470,Daniel,Soto,175000,Purchase,7/14/2015,7/22/2015,8/12/2015
philip,test-1229,Lindsay,Sumner,315842,Purchase,7/14/2015,8/5/2015,8/21/2015
philip,test-1491,Susan,Smith,320000,Refinance,7/15/2015,7/29/2015,8/12/2015
philip,test-1490,Ronald,Steele,263532,Refinance,7/15/2015,7/29/2015,8/12/2015
philip,test-1181,Elizabeth,Stern,212000,Refinance,7/15/2015,7/29/2015,8/24/2015
philip,test-1053,Vincent,Sislow,388170,Purchase,7/17/2015,8/3/2015,8/27/2015
philip,test-1325,Emily,Snover,174900,Purchase,7/18/2015,7/30/2015,8/18/2015
philip,test-1310,Jason,Smith,304385,Purchase,7/20/2015,7/27/2015,8/19/2015
philip,test-1338,Billy,Starks,132554,Purchase,7/20/2015,7/24/2015,8/18/2015
philip,test-1436,Arturo,Sulano,141900,Purchase,7/20/2015,7/31/2015,8/14/2015
philip,test-1286,Elizabeth,South,153000,Purchase,7/21/2015,8/6/2015,8/20/2015
philip,test-1061,Kevin,Steiner,351000,Purchase,7/22/2015,8/5/2015,8/27/2015
philip,test-1381,Jennifer,Thompson,417000,Refinance,7/22/2015,7/27/2015,8/17/2015
philip,test-1172,Lee,Song,168000,Refinance,7/23/2015,8/5/2015,8/24/2015
philip,test-1283,Brian,Tumalad,260200,Purchase,7/24/2015,8/11/2015,8/20/2015
philip,test-1141,Jarrod,Sommerfeld,352000,Purchase,7/28/2015,7/30/2015,8/25/2015
philip,test-1136,Fawzy,Souza,52000,Purchase,7/28/2015,8/5/2015,8/25/2015
philip,test-1067,Meagan,Sparks,170050,Purchase,7/29/2015,8/10/2015,8/27/2015
philip,test-1022,Danielle,Stout,183697,Purchase,7/29/2015,8/17/2015,8/28/2015
philip,test-1070,Nathan,Stevens,294566,Purchase,8/3/2015,8/10/2015,8/27/2015
philip,test-1081,Thomas,St.,311200,Purchase,8/5/2015,8/19/2015,8/26/2015
philip,test-1018,Lucas,Solis,247500,Purchase,8/6/2015,8/17/2015,8/28/2015
philip,test-1016,Jacob,Sucharzewski,52800,Purchase,8/11/2015,8/17/2015,8/28/2015
philip,test-1148,Abdul,Thompson,417000,Purchase,8/13/2015,8/14/2015,8/25/2015
philip,test-1001,Evelin,Thomas,207264,Purchase,8/17/2015,8/21/2015,8/28/2015
tom,test-1589,Thomas,Vo,711600,Purchase,5/27/2015,6/9/2015,8/7/2015
tom,test-1599,Richard,Tyree,128250,Purchase,6/8/2015,6/25/2015,8/7/2015
tom,test-1382,Margaret,Ward,214997,Purchase,6/9/2015,6/22/2015,8/17/2015
tom,test-1505,Bonnie,Wiinikka,208587,Refinance,6/11/2015,7/15/2015,8/11/2015
tom,test-1517,Gerald,Weiss,544947,Purchase,6/12/2015,7/6/2015,8/11/2015
tom,test-1537,Christopher,Webb,411000,Refinance,6/16/2015,7/15/2015,8/10/2015
tom,test-1552,Scott,Van,250000,Refinance,6/18/2015,7/15/2015,8/10/2015
tom,test-1461,James,Williams,417000,Purchase,6/18/2015,6/24/2015,8/13/2015
tom,test-1295,David,Van,437316,Purchase,6/19/2015,6/30/2015,8/19/2015
tom,test-1327,Jennifer,White,498600,Refinance,6/22/2015,7/29/2015,8/18/2015
tom,test-1636,David,Williams,344505,Purchase,6/22/2015,6/25/2015,8/6/2015
tom,test-1007,Michael,White,218320,Purchase,6/26/2015,7/28/2015,8/28/2015
tom,test-1571,Larry,Zetterberg,248417,Purchase,6/26/2015,7/27/2015,8/7/2015
tom,test-1493,Robert,Watts,131356,Purchase,6/29/2015,7/17/2015,8/12/2015
tom,test-1567,Robert,Wahid,264000,Purchase,6/30/2015,7/2/2015,8/7/2015
tom,test-1158,Ronald,Williams,300000,Refinance,7/1/2015,7/10/2015,8/24/2015
tom,test-1580,Carla,Wiggins,93279,Purchase,7/2/2015,7/29/2015,8/7/2015
tom,test-1396,Christian,Vazquez,289800,Purchase,7/6/2015,7/10/2015,8/17/2015
tom,test-1431,James,Young,258699,Purchase,7/6/2015,7/22/2015,8/14/2015
tom,test-1367,Cayden,Windschitl,254308,Purchase,7/7/2015,7/28/2015,8/17/2015
tom,test-1406,Mindy,Varner,126663,Purchase,7/8/2015,8/5/2015,8/14/2015
tom,test-1374,Jeffrey,Vile,269508,Refinance,7/9/2015,7/21/2015,8/17/2015
tom,test-1596,James,Wagner,239089,Purchase,7/9/2015,7/20/2015,8/7/2015
tom,test-1614,Maulik,Vela,607724,Purchase,7/11/2015,7/14/2015,8/6/2015
tom,test-1601,David,Williamson,112597,Purchase,7/11/2015,7/29/2015,8/7/2015
tom,test-1628,Samuel,Walker,320000,Purchase,7/13/2015,7/28/2015,8/6/2015
tom,test-1074,Scott,Tuncel,138446,Purchase,7/14/2015,8/5/2015,8/27/2015
tom,test-1335,Erich,Virgillito,500000,Purchase,7/14/2015,7/17/2015,8/18/2015
tom,test-1510,Harvey,Valle,148000,Purchase,7/15/2015,7/30/2015,8/11/2015
tom,test-1395,David,Veliz,1663300,Purchase,7/15/2015,7/16/2015,8/17/2015
tom,test-1212,Thomas,West,204300,Purchase,7/15/2015,7/21/2015,8/21/2015
tom,test-1195,Miguel,Voeller,312550,Purchase,7/16/2015,7/21/2015,8/21/2015
tom,test-1269,Andrea,Vories,111000,Purchase,7/16/2015,7/29/2015,8/20/2015
tom,test-1099,William,Vyas,161500,Refinance,7/17/2015,8/7/2015,8/26/2015
tom,test-1306,Martin,Zeron,198341,Purchase,7/17/2015,8/4/2015,8/19/2015
tom,test-1309,Jeffrey,Vazhayil,183150,Refinance,7/21/2015,7/28/2015,8/19/2015
tom,test-1038,Christopher,Wallace,156750,Purchase,7/22/2015,8/10/2015,8/27/2015
tom,test-1078,Michael,Wambold,525309,Purchase,7/22/2015,7/29/2015,8/26/2015
tom,test-1208,Thomas,Vazquez,338000,Purchase,7/23/2015,8/10/2015,8/21/2015
tom,test-1242,Michael,Vila,239089,Purchase,7/23/2015,8/4/2015,8/21/2015
tom,test-1065,Jennifer,Whisner,357000,Purchase,7/23/2015,7/31/2015,8/27/2015
tom,test-1228,Ronald,Zachariah,118316,Purchase,7/23/2015,8/5/2015,8/21/2015
tom,test-1155,Deepkrishna,Voight,344000,Purchase,7/24/2015,7/30/2015,8/24/2015
tom,test-1009,Matthew,Wells,114950,Purchase,7/24/2015,8/17/2015,8/28/2015
tom,test-1051,Peter,Whittington,183920,Purchase,7/24/2015,8/5/2015,8/27/2015
tom,test-1161,Donald,Willis,417000,Purchase,7/24/2015,7/29/2015,8/24/2015
tom,test-1029,Chance,Valadez,168884,Purchase,7/29/2015,8/12/2015,8/28/2015
tom,test-1188,Douglas,Winters,315000,Purchase,7/29/2015,8/13/2015,8/21/2015
tom,test-1079,Wayne,Vizcarra,157950,Purchase,7/30/2015,8/20/2015,8/26/2015
tom,test-1167,Gerald,Zenner,139360,Purchase,8/3/2015,8/14/2015,8/24/2015
